nameId,firstName,lastName,language
int32,string,string,string
1,阿鼻,北晶,cn
2,紫微,冰凡,cn
3,冲霄,冰海,cn
4,屠魔,冰珍,cn
5,炼神,彩静,cn
6,问情,彩萱,cn
7,云浪,彩妍,cn
8,无影,唱月,cn
9,翔龙,琛瑞,cn
10,金龙,晨曦,cn
11,惊情,痴灵,cn
12,玄光,初瑶,cn
13,邪影,翠容,cn
14,斩月,翠桃,cn
15,无量,代丝,cn
16,大海,笛韵,cn
17,流明,冬云,cn
18,七星,尔风,cn
19,至高,凡松,cn
20,追日,芳馥,cn
21,玄雾,芳林,cn
22,伏羲,飞瑶,cn
23,蜘蛛,芬芬,cn
24,天武,馥嫫,cn
25,蛇蝎,甘雨,cn
26,血云,歌阑,cn
27,吹雪,孤菱,cn
28,百变,孤丝,cn
29,尸骨,海瑛,cn
30,螳螂,海之,cn
31,赤虹,含海,cn
32,逆练,含娇,cn
33,缘生,涵柏,cn
34,百炼,涵瑶,cn
35,阳炎,寒梦,cn
36,灭神,菡梅,cn
37,飞花,荷紫,cn
38,枯禅,幻莲,cn
39,紫电,慧丽,cn
40,金钟,慧雅,cn
41,龙凤,慧云,cn
42,寰宇,蕙若,cn
43,地狱,吉玉,cn
44,青焰,寄琴,cn
45,神鹰,佳妍,cn
46,烈阳,佳悦,cn
47,玄阴,嘉云,cn
48,银霜,娇洁,cn
49,圣光,菁菁,cn
50,阎罗,婧慈,cn
51,星月,静晗,cn
52,紫霜,静槐,cn
53,天雷,可心,cn
54,空蝉,可馨,cn
55,盖世,兰英,cn
56,暗鸦,岚翠,cn
57,风刃,乐蓉,cn
58,仁王,乐瑶,cn
59,天仙,乐怡,cn
60,飞鱼,乐之,cn
61,兽王,冷菱,cn
62,钢骨,怜雪,cn
63,绝叫,灵凡,cn
64,无悔,灵槐,cn
65,玄冰,灵薇,cn
66,狼牙,凌波,cn
67,乾天,凌寒,cn
68,百丈,凌瑶,cn
69,北斗,洛灵,cn
70,勐虎,曼冬,cn
71,两仪,曼柔,cn
72,飞雪,梅红,cn
73,灵心,梅英,cn
74,狂尸,美如,cn
75,日月,梦曼,cn
76,尖锋,茗雪,cn
77,紫霄,慕蕊,cn
78,罗汉,慕诗,cn
79,白焰,南莲,cn
80,大乘,念念,cn
81,雷火,念桃,cn
82,幽冥,念文,cn
83,万丈,念烟,cn
84,雄鹰,凝安,cn
85,绝情,凝荷,cn
86,慾天,凝琴,cn
87,无涯,盼儿,cn
88,赤龙,盼芙,cn
89,暗黑,盼香,cn
90,苍狼,彭丹,cn
91,鸿蒙,平春,cn
92,风霜,倩美,cn
93,狮子,倩语,cn
94,日扬,俏丽,cn
95,情痴,琴雪,cn
96,朱雀,青亦,cn
97,释迦,清华,cn
98,白阳,清嘉,cn
99,血鸦,情文,cn
100,圣兽,秋白,cn
101,邪心,秋柏,cn
102,天残,秋巧,cn
103,莲华,柔丽,cn
104,缠身,如冰,cn
105,幽幻,如凡,cn
106,千山,如曼,cn
107,摩诃,如天,cn
108,开膛,如仪,cn
109,血虹,茹薇,cn
110,天魔,芮悦,cn
111,摧日,山芙,cn
112,铁骨,山彤,cn
113,金虎,山雁,cn
114,三清,莘莘,cn
115,银月,沈静,cn
116,天地,诗云,cn
117,冰蚕,书意,cn
118,绝对,姝艳,cn
119,巨鲨,姝瑗,cn
120,元阳,思慧,cn
121,森罗,思楠,cn
122,转生,斯琪,cn
123,直传,天晴,cn
124,离恨,天玉,cn
125,连环,天媛,cn
126,兽皇,恬雅,cn
127,陨日,听然,cn
128,准提,桐华,cn
129,斩铁,宛海,cn
130,蛤蟆,宛凝,cn
131,狂浪,婉钥,cn
132,残阳,薇歌,cn
133,血海,玮艺,cn
134,极意,文墨,cn
135,游鱼,希慕,cn
136,龙牙,惜蕊,cn
137,究极,惜玉,cn
138,八神,喜儿,cn
139,圣儒,霞姝,cn
140,托月,夏波,cn
141,霸王,夏岚,cn
142,异魔,夏蓉,cn
143,凄煌,夏山,cn
144,闇影,闲静,cn
145,飞仙,闲丽,cn
146,星象,香桃,cn
147,邪月,向珊,cn
148,太极,小凡,cn
149,飞燕,小雨,cn
150,斩日,晓凡,cn
151,满月,晓露,cn
152,迦蓝,晓霜,cn
153,问世,晓希,cn
154,疯狂,晓瑶,cn
155,摧山,笑霜,cn
156,丹鼎,新梅,cn
157,金刚,新语,cn
158,银羽,秀筠,cn
159,鬼神,秀梅,cn
160,惊世,琇莹,cn
161,白日,璇娟,cn
162,无妄,雪漫,cn
163,青云,寻梅,cn
164,天网,寻真,cn
165,九宫,雅歌,cn
166,渡缘,雅宁,cn
167,蚀骨,雅萍,cn
168,爆炎,彦杉,cn
169,紫雾,晏然,cn
170,狂龙,雁风,cn
171,无恨,雁枫,cn
172,童子,雁菡,cn
173,圆通,瑶菏,cn
174,火狐,瑶箐,cn
175,凤凰,窈莹,cn
176,镇妖,叶吉,cn
177,赤霞,一瑾,cn
178,风火,依玉,cn
179,青霞,怡璐,cn
180,丧魂,怡月,cn
181,问缘,颐真,cn
182,夺魄,忆梅,cn
183,风雷,亦绿,cn
184,逆天,奕婷,cn
185,无痕,饮香,cn
186,雪狐,英楠,cn
187,太乙,莹洁,cn
188,龙捲,莹莹,cn
189,神魔,颖初,cn
190,金狮,颖颖,cn
191,皇龙,优璇,cn
192,弥勒,悠柔,cn
193,溷元,悠婉,cn
194,暴雨,友桃,cn
195,真火,幼仪,cn
196,惊天,瑜璟,cn
197,玄炎,瑜英,cn
198,白云,羽彤,cn
199,夺心,雨兰,cn
200,虹光,雨珍,cn
201,无上,鸿文,cn
202,虎爪,鸿信,cn
203,幻海,鸿运,cn
204,地煞,鸿卓,cn
205,天寺,华藏,cn
206,破地,华辉,cn
207,金蝉,华茂,cn
208,雷鸣,嘉赐,cn
209,玄武,嘉勋,cn
210,双龙,嘉玉,cn
211,无双,嘉运,cn
212,摧魂,嘉珍,cn
213,真龙,坚秉,cn
214,元始,建章,cn
215,暴风,金鑫,cn
216,皆传,瑾瑜,cn
217,血光,经纶,cn
218,豹爪,经艺,cn
219,天哲,景辉,cn
220,阿含,景明,cn
221,风魔,景胜,cn
222,菩提,景铄,cn
223,烈日,俊驰,cn
224,天命,俊楚,cn
225,归元,俊发,cn
226,神风,俊健,cn
227,重生,俊捷,cn
228,昭天,俊郎,cn
229,计都,俊良,cn
230,蚀日,俊迈,cn
231,缠心,俊能,cn
232,销魂,俊智,cn
233,虎啸,开霁,cn
234,锁心,开朗,cn
235,玉女,凯旋,cn
236,山海,恺歌,cn
237,佛光,康乐,cn
238,桃花,康宁,cn
239,般若,乐成,cn
240,傲世,乐康,cn
241,凶灵,乐容,cn
242,慈航,乐悦,cn
243,大衍,理群,cn
244,凶冥,力强,cn
245,翔鹰,力勤,cn
246,惊雷,力学,cn
247,无限,立辉,cn
248,琉璃,立人,cn
249,烈风,茂德,cn
250,月读,茂勋,cn
251,渡罪,茂彦,cn
252,妖灵,敏智,cn
253,豹门,明德,cn
254,无定,明杰,cn
255,兑泽,明俊,cn
256,无极,明亮,cn
257,霹雳,明煦,cn
258,凤王,明喆,cn
259,无念,朋义,cn
260,青虹,彭湃,cn
261,菩萨,彭彭,cn
262,擎天,鹏飞,cn
263,战狼,鹏鲸,cn
264,寒冰,鹏天,cn
265,天道,鹏运,cn
266,影月,璞瑜,cn
267,洛书,浦和,cn
268,紫虹,奇略,cn
269,天王,奇水,cn
270,乾坤,奇思,cn
271,破元,奇伟,cn
272,惊龙,奇逸,cn
273,至尊,奇致,cn
274,巨鲸,祺祥,cn
275,飞虹,擎宇,cn
276,圆融,锐达,cn
277,玄凤,睿才,cn
278,陨星,睿聪,cn
279,天照,绍祺,cn
280,虚空,绍元,cn
281,寒霜,圣杰,cn
282,神圣,晟睿,cn
283,不二,思源,cn
284,迴旋,思远,cn
285,天悲,斯伯,cn
286,天蝎,泰和,cn
287,灵蛇,泰清,cn
288,真武,天赋,cn
289,苍焰,天翰,cn
290,渡业,天磊,cn
291,横练,天路,cn
292,金胎,天宇,cn
293,赤盖,天纵,cn
294,梁尘,同甫,cn
295,银环,伟诚,cn
296,锁穴,伟祺,cn
297,飞沙,伟泽,cn
298,苍羽,温茂,cn
299,断肠,温书,cn
300,风雨,文成,cn
301,星罗,文虹,cn
302,赤月,文华,cn
303,转日,文石,cn
304,迎风,文星,cn
305,赤火,翔宇,cn
306,百里,宫岛,cn
307,丰腴的,烛堡,cn
308,魁梧的,柴桑,cn
309,结实的,凤翔,cn
310,强壮的,灵武,cn
311,匀称的,秦川,cn
312,标致的,酒泉,cn
313,精悍的,苏黎,cn
314,短小的,明台,cn
315,粗实的,神奈,cn
316,粗犷的,奈川,cn
317,笨重的,翡翠,cn
318,消瘦的,和歌,cn
319,细挑的,鹤岗,cn
320,富态的,栖霞,cn
321,富相的,凤城,cn
322,臃肿的,鹿泉,cn
323,干瘪的,榆树,cn
324,丽质的,银川,cn
325,黑瘦的,白山,cn
326,彪壮的,即墨,cn
327,强健的,龙海,cn
328,刚健的,临夏,cn
329,单薄的,楚雄,cn
330,憔悴的,花都,cn
331,纤弱的,古泊,cn
332,秀丽的,乌海,cn
333,巍峨的,天水,cn
334,高耸的,雨花,cn
335,陡峭的,米泉,cn
336,聪慧的,百色,cn
337,大方的,岑溪,cn
338,俏丽的,北流,cn
339,俊秀的,汨罗,cn
340,帅气的,糜羽,cn
341,潇洒的,菏泽,cn
342,迷人的,青栖,cn
343,魅力的,云浮,cn
344,美丽的,桐城,cn
345,可爱的,南宫,cn
346,陶醉的,阳江,cn
347,风铃的,日照,cn
348,悦耳的,姑藏,cn
349,清脆的,巨鹿,cn
350,动听的,临淄,cn
351,优美的,扶风,cn
352,英俊的,幽都,cn
353,坚强的,荆门,cn
354,漂亮的,汝南,cn
355,自信的,潇湘,cn
356,干净的,末阳,cn
357,整洁的,姑苏,cn
358,温暖的,奉天,cn
359,舒服的,都灵,cn
360,称赞的,斐济,cn
361,简洁的,万寿,cn
362,壮观的,聚瑟,cn
363,奇美的,松苍,cn
364,小巧的,丁卯,cn
365,玲珑的,龙涎,cn
366,挺直的,浮翠,cn
367,健壮的,幽谷,cn
368,剑眉的,松青,cn
369,修长的,碧波,cn
370,斜眼的,仰月,cn
371,美目的,欣流,cn
372,俊目的,莲相,cn
373,秀目的,桃溪,cn
374,朗目的,乾元,cn
375,星眸的,洛涧,cn
376,失望的,杏里,cn
377,慈祥的,阳羡,cn
378,整齐的,荆溪,cn
379,红润的,典巷,cn
380,鲜嫩的,槿色,cn
381,端庄的,玉祈,cn
382,文静的,玥城,cn
383,动人的,蓝鲤,cn
384,飞翔的,苍鹭,cn
385,福态的,茫崖,cn
386,激动的,千灯,cn
387,喜悦的,松原,cn
388,感激的,龙岩,cn
389,欣慰的,剑宵,cn
390,欢喜的,北芒,cn
391,欣喜的,灵丘,cn
392,得意的,龙陵,cn
393,惊讶的,神池,cn
394,安详的,灵川,cn
395,坦然的,归径,cn
396,腼腆的,八坊,cn
397,害羞的,怀乡,cn
398,典雅的,羽村,cn
399,豁达的,荆芥,cn
400,美满的,白芷,cn
401,和谐的,青黛,cn
402,尊敬的,芫花,cn
403,快乐的,木通,cn
404,舒心的,沉香,cn
405,清净的,草蓟,cn
406,幸福的,棕炭,cn
407,兴奋的,五灵,cn
408,努力的,洋汐,cn
409,爱心的,青泱,cn
410,甜蜜的,甘微,cn
411,甜美的,紫苏,cn
412,优秀的,诗人,cn
413,积极的,打手,cn
414,友好的,剑客,cn
415,勇敢的,枪手,cn
416,毅力的,浪子,cn
417,不凡的,管家,cn
418,雍容的,大名,cn
419,轩昂的,苹果,cn
420,爽朗的,香蕉,cn
421,悠然的,李子,cn
422,从容的,杏,cn
423,坦荡的,桃,cn
424,宽容的,葡萄,cn
425,厚道的,杨桃,cn
426,风度的,樱桃,cn
427,高雅的,西瓜,cn
428,情调的,香瓜,cn
429,淡泊的,梅子,cn
430,安然的,草莓,cn
431,宁静的,蓝莓,cn
432,随和的,橙子,cn
433,随性的,橘子,cn
434,傲骨的,柚子,cn
435,大气的,木瓜,cn
436,王者的,桑葚,cn
437,柔韧的,柿子,cn
438,洋气的,大枣,cn
439,海涵的,龙眼,cn
440,儒雅的,荔枝,cn
441,淡定的,芒果,cn
442,隐身的,凤梨,cn
443,能干的,山楂,cn
444,灵巧的,椰子,cn
445,志气的,柠檬,cn
446,正直的,榴莲,cn
447,认真的,山竹,cn
448,宽厚的,枇杷,cn
449,有一股,杨梅,cn
450,可靠的,石榴,cn
451,谨慎的,番茄,cn
452,效率的,橄榄,cn
453,热情的,坚果,cn
454,守信的,沙枣,cn
455,老练的,桃子,cn
456,老实的,梨,cn
457,公正的,菠萝,cn
458,理解的,文旦,cn
459,好心的,胡桃,cn
460,宽大的,核桃,cn
461,明确的,荸荠,cn
462,辛勤的,酸橙,cn
463,严守的,黑莓,cn
464,信赖的,栗子,cn
465,真诚的,板栗,cn
466,实力的,猕猴,cn
467,先进的,金桔,cn
468,活跃的,白果,cn
469,开拓的,银杏,cn
470,运动的,青梅,cn
471,内涵的,榛子,cn
472,稳重的,蜜桃,cn
473,年轻的,桂圆,cn
474,主动的,柑桔,cn
475,机敏的,黑樱,cn
476,和蔼的,甜瓜,cn
477,抱负的,脐橙,cn
478,胜任的,杏子,cn
479,体贴的,槟榔,cn
480,沉思的,牛奶,cn
481,拼搏的,玉米,cn
482,策略的,香烟,cn
483,尽职的,啤酒,cn
484,充沛的,花生,cn
485,忠诚的,糯米,cn
486,俭朴的,拿铁,cn
487,礼貌的,萝卜,cn
488,殷勤的,月饼,cn
489,主见的,果冻,cn
490,智力的,锅巴,cn
491,才能的,青团,cn
492,见识的,抹茶,cn
493,分明的,蛋挞,cn
494,客观的,桃酥,cn
495,苦干的,芝麻,cn
496,负责的,汉堡,cn
497,精明的,芝士,cn
498,潜力的,松露,cn
499,生活的,泡芙,cn
500,经济的,沙拉,cn
501,车系全,奶茶,cn
502,智慧的,芋圆,cn
503,严谨的,慕斯,cn
504,务实的,羊羹,cn
505,另类的,饼干,cn
506,传统的,曲奇,cn
507,进取的,豆花,cn
508,大胆的,姜饼,cn
509,严格的,麻花,cn
510,合作的,肉松,cn
511,奉献的,布丁,cn
512,适应的,汤圆,cn
513,机灵的,南瓜,cn
514,分析的,香肠,cn
515,饱满的,土豆,cn
516,幽默的,玫瑰,cn
517,实际的,百合,cn
518,无私的,冬瓜,cn
519,小资的,豆芽,cn
520,伟大的,辣椒,cn
521,崎岖的,莴苣,cn
522,含糊的,黄瓜,cn
523,磅礴的,芥菜,cn
524,聪明的,豇豆,cn
525,生动的,苦瓜,cn
526,固定的,绿豆,cn
527,平等的,芦笋,cn
528,主观的,毛豆,cn
529,封建的,茄子,cn
530,具体的,青椒,cn
531,含蓄的,丝瓜,cn
532,平淡的,蒜苗,cn
533,简单的,莴笋,cn
534,机智的,芸豆,cn
535,给力的,离歌,cn
536,菜鸟的,北丰,cn
537,无奈的,矜持,cn
538,杠杠的,白苣,cn
539,中二病,白菜,cn
540,高富帅,浪人,cn
541,躺枪的,情书,cn
542,吐槽的,菠菜,cn
543,逆袭的,彩椒,cn
544,坑爹的,春笋,cn
545,你懂得,春菜,cn
546,单身的,春香,cn
547,萌萌哒,眉眼,cn
548,心塞的,美艳,cn
549,小鲜肉,媚眼,cn
550,逗比的,菜花,cn
551,蛮拼的,发丝,cn
552,安静的,故人,cn
553,极品的,游离,cn
554,有钱的,豆苗,cn
555,任性的,豆薯,cn
556,穿越的,豆角,cn
557,疯狂的,儿菜,cn
558,作死的,鱼骨,cn
559,碉堡的,冷笑,cn
560,暴躁的,番杏,cn
561,摇头的,猫砂,cn
562,欢畅的,狗粮,cn
563,奇异的,甘蓝,cn
564,火星的,贡菜,cn
565,地球的,杭椒,cn
566,月亮的,滑菇,cn
567,土豪的,老街,cn
568,强行的,街灯,cn
569,开阔的,红桃,cn
570,耐心的,方片,cn
571,飞快的,茴香,cn
572,崭新的,梅花,cn
573,破旧的,佳蔬,cn
574,古老的,净菜,cn
575,清澈的,卷丹,cn
576,美妙的,尖椒,cn
577,预约的,便当,cn
578,意外的,小丑,cn
579,宝贵的,皎月,cn
580,温馨的,金瓜,cn
581,多余的,韭菜,cn
582,一时的,韭葱,cn
583,诗般的,韭黄,cn
584,漠然的,儿戏,cn
585,未完的,萝莉,cn
586,鄙视的,绿王,cn
587,白首的,联财,cn
588,漆黑的,芦篙,cn
589,无穷的,落葵,cn
590,青春的,连作,cn
591,圆圆的,露笋,cn
592,爱笑的,薄荷,cn
593,矮小的,麦饭,cn
594,五彩的,年华,cn
595,高大的,黑马,cn
596,残酷的,青衫,cn
597,残忍的,庆丰,cn
598,困难的,傻瓜,cn
599,严肃的,挑衅,cn
600,神圣的,隐忍,cn
601,微妙的,背影,cn
602,烧焦的,时间,cn
603,独立的,天空,cn
604,简谱的,笋瓜,cn
605,朴实的,世俗,cn
606,低俗的,雨桐,cn
607,寒酸的,易氧,cn
608,窈窕的,衬笑,cn
609,利落的,无声,cn
610,天羽,向挽,cn
611,空城,念空,cn
612,战龙,追忆,cn
613,苍月,苍穹,cn
614,极行,熙雯,cn
615,年少,薄情,cn
616,霸魂,毓暖,cn
617,相思,清流,cn
618,纵横,森花,cn
619,葬天,秋墨,cn
620,孤独,阴毒,cn
621,風雲,妄灸,cn
622,世纪,十雾,cn
623,街区,凉栀,cn
624,彩翼,离盏,cn
625,珈蓝,裂空,cn
626,蓦阑,九渊,cn
627,北神,野味,cn
628,宿命,阔野,cn
629,神殿,陌黎,cn
630,琅琊,墨璃,cn
631,囚殇,南辞,cn
632,战殇,殇忆,cn
633,狼群,筝宁,cn
634,炼狱,柠栀,cn
635,战魂,袖柚,cn
636,漫步,澈骨,cn
637,烕弑,束缚,cn
638,嗜血,溯妍,cn
639,逍遥,雅婷,cn
640,荣耀,花蝶,cn
641,霜雪,朽年,cn
642,轻狂,晴栀,cn
643,魔刄,娇矜,cn
644,霸服,夏浅,cn
645,游园,魂殇,cn
646,缥缈,方茴,cn
647,魅影,凝雪,cn
648,伪殇,梦信,cn
649,腾龙,梦缘,cn
650,聖域,绿袖,cn
651,南城,迁移,cn
652,天怒,芙羽,cn
653,魔魂,熏泱,cn
654,风影,澜轩,cn
655,信徒,海樵,cn
656,后街,挽心,cn
657,盛泽,苑柳,cn
658,涟漪,歆久,cn
659,修罗,冬屿,cn
660,花样,墨眉,cn
661,名门,猫尾,cn
662,猛龙,绿芜,cn
663,寒战,甜甜,cn
664,肃天,橘络,cn
665,亵渎,悯夏,cn
666,禁区,墨晔,cn
667,裂天,定弦,cn
668,破晓,抵年,cn
669,赤焰,无恙,cn
670,森柠,恐光,cn
671,南汐,画棠,cn
672,目涩,褪色,cn
673,难拥,流桑,cn
674,璃溪,殆尽,cn
675,烟雨,蓝桉,cn
676,殇芯,浅笑,cn
677,炙瞳,拂衣,cn
678,孤音,杯岸,cn
679,鸢旧,过往,cn
680,惜染,疏雨,cn
681,七栀,久橙,cn
682,顾北,易初,cn
683,墨蓝,初荷,cn
684,清絮,黯然,cn
685,时宛,采苓,cn
686,崇凛,芜寐,cn
687,橘寄,酒话,cn
688,苒絮,泽兰,cn
689,绾秋,凉屿,cn
690,栀礼,青瓷,cn
691,墨渊,弃殇,cn
692,橘香,旧人,cn
693,清柠,久孤,cn
694,残爱,尚存,cn
695,夏夜,尪生,cn
696,梦碎,慌屿,cn
697,花塚,野港,cn
698,恋旧,碧曼 ,cn
699,柒瑾,白柏 ,cn
700,岑寂,安彤 ,cn
701,灰淺,阿弟 ,cn
702,浅瞳,醉薇 ,cn
703,陌沫,紫柔 ,cn
704,难有,芷芹 ,cn
705,伴柯,之绿,cn
706,白驹,同归 ,cn
707,素衣,喜喜 ,cn
708,青栀,抱我 ,cn
709,黛颜,蓝玉 ,cn
710,蝶变,取暖 ,cn
711,迎夏,鬼迹 ,cn
712,纪屿,渔歌,cn
713,青纱,时光,cn
714,悲雨,静候,cn
715,久梵,依恋,cn
716,澈沫,碧天,cn
717,茶酣,执念,cn
718,南稚,牵手,cn
719,曙光,梦呓,cn
720,瑾澜,将离,cn
721,浮殤,平庸,cn
722,梦安,未知,cn
723,愫暮,未来,cn
724,蛊毒,从彤,cn
725,洛洛,过客,cn
726,挣脱,向卉,cn
727,蓝海,旅行,cn
728,陌若,罂粟,cn
729,残忆,祸兮,cn
730,凉笙,牵绊,cn
731,心鸢,转身,cn
732,琴瑟,浮尘,cn
733,安凉,幼琴,cn
734,杞暖,一线,cn
735,漓殇,忆伤,cn
736,瓷筒,纸鸳,cn
737,摒弃,颜霜,cn
738,凉烟,莫名,cn
739,汐颜,旅途,cn
740,流殇,差池,cn
741,零帝,搁浅,cn
742,淡嘫,堪阳,cn
743,北笙,初礼,cn
744,殇泪,字迹,cn
745,眸光,折磨,cn
746,逾越,岑迷,cn
747,伤口,碧文,cn
748,歪斜,浮梦,cn
749,遗失,若柔,cn
750,柔情,巧瑶,cn
751,凌烟,迎香,cn
752,依绿,易山,cn
753,沙砾,丹玉,cn
754,平淡,向曼,cn
755,如梦,千城,cn
756,入眠,丹琴,cn
757,屿森,觅翠,cn
758,微仰,心底,cn
759,慰籍,千阳,cn
760,彩虹,光线,cn
761,情绪,代菱,cn
762,操控,怜易,cn
763,靖夏,夏文,cn
764,又旋,夏日,cn
765,涵芹,着迷,cn
766,逆夏,倾昕,cn
767,情场,夏时,cn
768,凝桃,问安,cn
769,解脱,尔珊,cn
770,偏执,念菱,cn
771,模糊,千世,cn
772,煽情,画心,cn
773,半知,陌路,cn
774,埋没,断续,cn
775,难得,沐光,cn
776,舍得,迷茫,cn
777,涵雪,斑驳,cn
778,松手,寻丝,cn
779,靖巧,回味,cn
780,痴迷,回忆,cn
781,掠过,福兮,cn
782,段情,躲藏,cn
783,欢心,胖纸,cn
784,扯淡,承诺,cn
785,阳光,倾城,cn
786,恍惚,竹紫,cn
787,浅暖,博敏,cn
788,洒脱,涵润,cn
789,傅恒,青槐,cn
790,芷珊,月朗,cn
791,傲柏,嘉佑,cn
792,佐竹,下拓,cn
793,佐野,村行,cn
794,佐藤,本丽,cn
795,佐川,依霜,cn
796,足立,俊雅,cn
797,諏访,浩波,cn
798,子车,原功,cn
799,颛孙,又琴,cn
800,竹中,野舜,cn
801,竹田,田凪,cn
802,竹村,田元,cn
803,竹本,谷淳,cn
804,诸葛,岛充,cn
805,重田,松安,cn
806,塚原,和彦,cn
807,塚田,玉书,cn
808,塚本,念梦,cn
809,钟离,田梦,cn
810,中沢,沼清,cn
811,中野,沢结,cn
812,中西,田筱,cn
813,中里,寛大,cn
814,中井,意智,cn
815,中岛,烨烁,cn
816,中本,采文,cn
817,志贺,天瑞,cn
818,志村,经义,cn
819,植村,弘化,cn
820,真田,博美,cn
821,真锅,田行,cn
822,沼田,永长,cn
823,长沢,鸿熙,cn
824,长田,野云,cn
825,长孙,雪羽,cn
826,长浜,晓枫,cn
827,沢井,伟兆,cn
828,早川,冰彦,cn
829,宰父,建业,cn
830,越智,宏毅,cn
831,远藤,宜然,cn
832,远山,思萱,cn
833,原安,小琴,cn
834,玉置,弘方,cn
835,玉井,上空,cn
836,雨宫,岛希,cn
837,宇文,雅秀,cn
838,有马,博实,cn
839,有贺,瀚漠,cn
840,永田,向彤,cn
841,永山,竹娴,cn
842,永岛,友菱,cn
843,桜井,志行,cn
844,依田,雪峰,cn
845,伊藤,俊逸,cn
846,伊吹,映冬,cn
847,野中,雨雪,cn
848,野沢,高扬,cn
849,野田,琼芳,cn
850,野上,佩珍,cn
851,野口,博涉,cn
852,野间,优介,cn
853,野本,昊乾,cn
854,阳佟,文光,cn
855,羊舌,子轩,cn
856,塩沢,叶欣,cn
857,塩田,阳平,cn
858,岩佐,绍辉,cn
859,岩瀬,寄瑶,cn
860,岩井,映寒,cn
861,岩村,英秀,cn
862,闫法,荣轩,cn
863,轩辕,丽佳,cn
864,熊谷,妮子,cn
865,新井,嫚儿,cn
866,新谷,若菜,cn
867,篠原,村瞬,cn
868,小原,藤爽,cn
869,小野,内行,cn
870,小田,泰华,cn
871,小寺,凌薇,cn
872,小杉,浩南,cn
873,小山,自强,cn
874,小栗,睿识,cn
875,小堀,冰烟,cn
876,小口,光辉,cn
877,小幡,娅思,cn
878,萧 ,书兰,cn
879,向井,沛柔,cn
880,香川,华池,cn
881,鲜于,怜央,cn
882,夏侯,白易,cn
883,下田,易真,cn
884,下村,和煦,cn
885,喜多,鸿博,cn
886,巫马,晓博,cn
887,闻人,蝶梦,cn
888,尉迟,岐瞬,cn
889,尾形,又晴,cn
890,尾崎,从梦,cn
891,微生,嘉子,cn
892,拓拔,原陵,cn
893,土岐,原充,cn
894,土居,文博,cn
895,涂钦,坂秋,cn
896,田原,饲澪,cn
897,田畑,沢穣,cn
898,田崎,沢淳,cn
899,田口,翰音,cn
900,田辺,永昌,cn
901,田岛,修远,cn
902,田代,音韵,cn
903,鵜饲,夜梦,cn
904,藤沢,竹雨,cn
905,藤原,又菱,cn
906,藤野,醉薇,cn
907,藤田,下要,cn
908,藤森,村颯,cn
909,藤间,安歌,cn
910,藤川,雅绿,cn
911,藤本,昊苍,cn
912,汤浅,承悦,cn
913,太田,子濯,cn
914,太叔,村崇,cn
915,松永,田暁,cn
916,松山,绿真,cn
917,松崎,飞沉,cn
918,松岛,风子,cn
919,松本,清婉,cn
920,寺田,子凡,cn
921,司徒,千凡,cn
922,司寇,擎苍,cn
923,水田,田桃,cn
924,水口,崎优,cn
925,水岛,保有,cn
926,滝川,娅欣,cn
927,守屋,承德,cn
928,市村,村縁,cn
929,矢田,村迅,cn
930,矢崎,本慧,cn
931,矢吹,形辽,cn
932,矢部,香卉,cn
933,石野,瀚海,cn
934,石山,谷天,cn
935,石桥,原眉,cn
936,石坂,浦渉,cn
937,辻村,南琴,cn
938,辻本,韵磬,cn
939,胜田,睿范,cn
940,神原,言文,cn
941,神田,芮澜,cn
942,神戸,博容,cn
943,神谷,野优,cn
944,深井,天菱,cn
945,深谷,思聪,cn
946,上原,书雪,cn
947,上条,小凝,cn
948,上杉,和韵,cn
949,上官,千雁,cn
950,上村,悦欣,cn
951,杉原,英彦,cn
952,杉野,逸馨,cn
953,杉田,华灿,cn
954,杉浦,开济,cn
955,杉村,正奇,cn
956,山中,雅艳,cn
957,山元,良材,cn
958,山野,忻欢,cn
959,山室,菊江,cn
960,山上,和通,cn
961,山崎,叶薫,cn
962,山内,梦柏,cn
963,山冈,野想,cn
964,山本,野澪,cn
965,森永,宏博,cn
966,森下,亜子,cn
967,森山,冈薫,cn
968,森本,真如,cn
969,桑原,千儿,cn
970,三枝,乐池,cn
971,三上,初曼,cn
972,三木,振国,cn
973,三谷,弘和,cn
974,三岛,高昂,cn
975,若松,友珊,cn
976,若山,秋蝶,cn
977,若林,绚子,cn
978,入江,良慧,cn
979,日野,康健,cn
980,日下,和哉,cn
981,日高,修竹,cn
982,仁科,星宇,cn
983,青山,韶容,cn
984,青木,悦爱,cn
985,青柳,开畅,cn
986,秦知,宏硕,cn
987,谯笪,浩壤,cn
988,浅沼,咏思,cn
989,浅野,天骄,cn
990,浅川,木祥,cn
991,斉藤,敏达,cn
992,濮阳,新觉,cn
993,粕谷,沛岚,cn
994,坪井,宏浚,cn
995,平塚,向露,cn
996,平尾,雪风,cn
997,平山,承颜,cn
998,平井,芮欢,cn
999,平贺,巧曼,cn
1000,平冈,新荣,cn
1001,平川,凝静,cn
1002,片冈,静和,cn
1003,欧阳,欣美,cn
1004,内田,美纪,cn
1005,内藤,凯定,cn
1006,内山,和悌,cn
1007,楠真,哲圣,cn
1008,难波,寻春,cn
1009,南门,田想,cn
1010,那须,田光,cn
1011,牧野,国源,cn
1012,目黒,原鲑,cn
1013,木内,山玄,cn
1014,木戸,流丽,cn
1015,墨哈,弘扬,cn
1016,米沢,岛堇,cn
1017,米山,仲舒,cn
1018,门胁,一朗,cn
1019,梅沢,月桂,cn
1020,梅村,湘灵,cn
1021,茂木,思茵,cn
1022,毛利,越侑,cn
1023,马场,川纪,cn
1024,麻生,鹤轩,cn
1025,落合,雁易,cn
1026,鹿岛,以亦,cn
1027,芦田,青筠,cn
1028,柳川,映之,cn
1029,栗田,飞双,cn
1030,栗山,博远,cn
1031,栗林,地迅,cn
1032,栗本,宇航,cn
1033,里见,鹏举,cn
1034,李久,飞翼,cn
1035,乐正,原鞘,cn
1036,瀬川,浩博,cn
1037,况後,沢纯,cn
1038,堀口,友瑶,cn
1039,堀井,城充,cn
1040,菊池,田歩,cn
1041,鷲尾,村亘,cn
1042,酒井,绿兰,cn
1043,久野,星晖,cn
1044,久米,祺福,cn
1045,井田,良俊,cn
1046,井上,君丽,cn
1047,近藤,淑兰,cn
1048,津田,飞章,cn
1049,金沢,睿好,cn
1050,金田,尔琴,cn
1051,今田,芮雅,cn
1052,今井,雅云,cn
1053,皆川,子安,cn
1054,江藤,野鲑,cn
1055,江崎,鸿飞,cn
1056,江口,本渉,cn
1057,加藤,哲瀚,cn
1058,加茂,乐人,cn
1059,吉田,乐心,cn
1060,吉崎,元德,cn
1061,吉川,依白,cn
1062,及川,梦之,cn
1063,磯野,梦涵,cn
1064,磯部,柳旬,cn
1065,皇甫,祺然,cn
1066,花井,康胜,cn
1067,呼延,彭越,cn
1068,后藤,木枫,cn
1069,洪 ,冬萱,cn
1070,横山,崎澪,cn
1071,黒岩,以轩,cn
1072,赫连,如南,cn
1073,河田,雪怡,cn
1074,河上,醉卉,cn
1075,河内,拓真,cn
1076,河井,书文,cn
1077,河村,景山,cn
1078,亀井,久能,cn
1079,広川,吉欣,cn
1080,管野,云露,cn
1081,谷美,智辉,cn
1082,谷粱,洋一,cn
1083,谷口,亜栗,cn
1084,谷村,川惺,cn
1085,谷川,雪珍,cn
1086,古沢,子昂,cn
1087,古贺,康顺,cn
1088,缑亢,建白,cn
1089,宫下,子平,cn
1090,宫坂,浩宕,cn
1091,公羊,书瑶,cn
1092,公孙,俊德,cn
1093,高田,岛駈,cn
1094,高杉,本太,cn
1095,高桥,玉龙,cn
1096,高崎,樫涙,cn
1097,高梨,田錬,cn
1098,高井,夜梅,cn
1099,高冈,静安,cn
1100,高岛,颐和,cn
1101,冈田,飞槐,cn
1102,富永,婉淑,cn
1103,富山,英睿,cn
1104,富冈,流如,cn
1105,福原,冬卉,cn
1106,福本,野尚,cn
1107,风间,阳波,cn
1108,饭塚,玉静,cn
1109,饭沼,琳芳,cn
1110,児岛,鹏鹍,cn
1111,段干,冰之,cn
1112,东小,莹琇,cn
1113,东郷,鸿远,cn
1114,东条,利佳,cn
1115,东门,米琪,cn
1116,东郭,涵意,cn
1117,东方,叶绊,cn
1118,町田,永子,cn
1119,徳永,舒荣,cn
1120,稲田,凯安,cn
1121,稲村,锐利,cn
1122,岛津,婀娜,cn
1123,岛村,沼慎,cn
1124,岛本,槙子,cn
1125,大沼,野卓,cn
1126,大友,香彤,cn
1127,大庭,浩歌,cn
1128,大石,银河,cn
1129,大山,烨煜,cn
1130,大桥,尾鲑,cn
1131,大内,井秋,cn
1132,大津,本瑛,cn
1133,大江,文彬,cn
1134,大和,田周,cn
1135,大槻,咏志,cn
1136,大村,迎天,cn
1137,大场,烨然,cn
1138,大仓,桂芝,cn
1139,村野,野爽,cn
1140,村田,端雅,cn
1141,村松,映易,cn
1142,村上,如霜,cn
1143,村木,代芙,cn
1144,村瀬,楚云,cn
1145,淳于,木昴,cn
1146,船越,煜祺,cn
1147,川瀬,高格,cn
1148,川口,向雁,cn
1149,川合,伟懋,cn
1150,川村,田快,cn
1151,杵屋,叶飞,cn
1152,出口,真希,cn
1153,赤井,俊雄,cn
1154,赤坂,琼思,cn
1155,池上,光枝,cn
1156,池内,井昂,cn
1157,池本,优翔,cn
1158,成田,瑞树,cn
1159,辰巳,典子,cn
1160,朝仓,快斗,cn
1161,本郷,広美,cn
1162,本间,稚子,cn
1163,北沢,秀一,cn
1164,北原,栄美,cn
1165,北村,音华,cn
1166,北川,恨之,cn
1167,保坂,宾白,cn
1168,浜野,泰辉,cn
1169,浜隆,美并,cn
1170,浜口,冷子,cn
1171,板垣,花梨,cn
1172,坂田,右一,cn
1173,坂口,启吾,cn
1174,坂井,一心,cn
1175,坂本,健悟,cn
1176,白鸟,慧子,cn
1177,白井,怀柔,cn
1178,白川,温斗,cn
1179,八田,良子,cn
1180,奥真,树生,cn
1181,奥野,逸仙,cn
1182,奥山,和昶,cn
1183,奥村,鉄平,cn
1184,岸田,启斗,cn
1185,岸美,彩香,cn
1186,安原,谅太,cn
1187,安田,启介,cn
1188,安藤,拓哉,cn
1189,安井,奈月,cn
1190,安达,美沙,cn
1191,安倍,哲也,cn
1192,中原,真纯,cn
1193,长谷,友恵,cn
1194,宇佐,若子,cn
1195,宇田,亮汰,cn
1196,伊沢,美加,cn
1197,伊达,由保,cn
1198,野原,英雄,cn
1199,野岛,遥希,cn
1200,星野,亮辅,cn
1201,小畑,朋美,cn
1202,小笠,含文,cn
1203,小久,奏汰,cn
1204,小谷,勇希,cn
1205,细川,南朝,cn
1206,五十,智子,cn
1207,外山,光赫,cn
1208,樋口,敏子,cn
1209,天野,満枝,cn
1210,藤木,喜子,cn
1211,速水,丽嘉,cn
1212,水原,协子,cn
1213,滝口,铃奈,cn
1214,手塚,信瑞,cn
1215,氏家,高逸,cn
1216,矢沢,睦美,cn
1217,石本,勇翔,cn
1218,神崎,慎也,cn
1219,深田,美树,cn
1220,杉本,美浦,cn
1221,森田,夏树,cn
1222,三轮,千佳,cn
1223,秋田,润一,cn
1224,清水,美羽,cn
1225,桥爪,京子,cn
1226,桥本,绫野,cn
1227,平林,优斗,cn
1228,木下,温大,cn
1229,木村,晃生,cn
1230,梁丘,大我,cn
1231,臼井,光一,cn
1232,今野,哲子,cn
1233,结城,奏大,cn
1234,甲斐,瑛大,cn
1235,吉永,麻美,cn
1236,户田,雏子,cn
1237,鹤田,宜子,cn
1238,和泉,姝惠,cn
1239,国井,美歩,cn
1240,管原,香奈,cn
1241,关口,美幸,cn
1242,关谷,有美,cn
1243,古市,拓弥,cn
1244,宫野,馨子,cn
1245,公冶,海人,cn
1246,根本,雅之,cn
1247,高见,紫文,cn
1248,冈崎,承平,cn
1249,冈村,清莹,cn
1250,富樫,一志,cn
1251,副岛,満子,cn
1252,福永,直纪,cn
1253,伏见,千絵,cn
1254,芳贺,淳平,cn
1255,二宫,和希,cn
1256,渡部,魁斗,cn
1257,岛崎,寺一,cn
1258,大崎,利香,cn
1259,大平,真辉,cn
1260,大冈,纪子,cn
1261,村山,创大,cn
1262,村井,晴子,cn
1263,柴田,瑛子,cn
1264,曽我,大树,cn
1265,北条,雪奈,cn
1266,保田,苑子,cn
1267,浜田,温子,cn
1268,汉新,睦子,cn
1269,虞颍,翔一,cn
1270,远漳,博瀚,cn
1271,都洪,爱奈,cn
1272,安红,良介,cn
1273,平成,清润,cn
1274,松宫,俊贤,cn
1275,临田,凝阳,cn
1276,新花,浩志,cn
1277,城远,清见,cn
1278,自城,里奈,cn
1279,黄河,芮安,cn
1280,南塔,韵宁,cn
1281,家垣,兴安,cn
1282,来川,依凌,cn
1283,朝宝,优心,cn
1284,原江,智枝,cn
1285,定东,尚纪,cn
1286,江湾,美雪,cn
1287,化长,松雨,cn
1288,富灯,乐欣,cn
1289,昔塔,卓也,cn
1290,海尚,千秋,cn
1291,丽华,麻纪,cn
1292,庄山,美美,cn
1293,陀武,熙柔,cn
1294,凌水,壮汰,cn
1295,山建,拓斗,cn
1296,临集,健志,cn
1297,鹤镇,辰美,cn
1298,州凤,右树,cn
1299,邯长,优树,cn
1300,新临,航汰,cn
1301,密成,七瀬,cn
1302,化虞,育恵,cn
1303,水永,大喜,cn
1304,城陵,阿澄,cn
1305,开漳,龙辉,cn
1306,五德,櫂斗,cn
1307,西永,琉伟,cn
1308,兰汶,瑠美,cn
1309,门星,比吕,cn
1310,故长,优子,cn
1311,沁洮,优也,cn
1312,安丘,彭薄,cn
1313,河水,苍太,cn
1314,来永,洋介,cn
1315,海城,友美,cn
1316,为东,千早,cn
1317,原寿,名嘉,cn
1318,含盐,怡然,cn
1319,明州,博延,cn
1320,方宁,从阳,cn
1321,清阴,贵史,cn
1322,吉临,凉太,cn
1323,高汪,诗音,cn
1324,江乐,苍大,cn
1325,田泰,康弘,cn
1326,汝滨,响希,cn
1327,山乾,梦子,cn
1328,春征,文恵,cn
1329,自万,苍斗,cn
1330,尚化,恵理,cn
1331,绍天,光代,cn
1332,东江,纯恵,cn
1333,波新,和奈,cn
1334,涞商,京介,cn
1335,丹阳,朝日,cn
1336,春们,有子,cn
1337,肥化,时子,cn
1338,原元,友絵,cn
1339,汤武,彩子,cn
1340,国榆,辽真,cn
1341,绍州,允子,cn
1342,赤山,柚希,cn
1343,溪坡,幸子,cn
1344,吴旬,裕人,cn
1345,安城,直弥,cn
1346,海丰,翔大,cn
1347,阳年,琴乃,cn
1348,南东,美江,cn
1349,泰征,富枝,cn
1350,泉辽,朔也,cn
1351,讷昌,优悠,cn
1352,雄阳,英子,cn
1353,锦来,凉介,cn
1354,渡昌,刚志,cn
1355,新阳,海里,cn
1356,长城,牧子,cn
1357,南留,苍介,cn
1358,河南,夏子,cn
1359,娄芜,干太,cn
1360,岳河,浩太,cn
1361,城禹,裕真,cn
1362,江武,敦也,cn
1363,南泉,悠月,cn
1364,氏左,瑞枝,cn
1365,沭应,良平,cn
1366,响惠,弘子,cn
1367,河兰,凌大,cn
1368,阳山,福子,cn
1369,友扶,幸枝,cn
1370,义扶,颯汰,cn
1371,修城,裕子,cn
1372,海兰,直美,cn
1373,阳湖,真帆,cn
1374,皇丹,拓巳,cn
1375,荣成,怜子,cn
1376,平河,健司,cn
1377,玉州,凌空,cn
1378,克嘉,谅介,cn
1379,原仁,琉翔,cn
1380,源依,拓也,cn
1381,东嵊,智也,cn
1382,清枣,隼也,cn
1383,武池,絵凛,cn
1384,代武,洸希,cn
1385,山友,春希,cn
1386,温新,歩美,cn
1387,江邑,幸生,cn
1388,源辽,里子,cn
1389,源宁,元白,cn
1390,代山,嘉禧,cn
1391,海丹,友哉,cn
1392,成徐,春美,cn
1393,虎沾,又莲,cn
1394,常谷,丽珠,cn
1395,城康,晋鹏,cn
1396,山安,真澄,cn
1397,都阳,纯子,cn
1398,陟图,祥太,cn
1399,江山,佑哉,cn
1400,礼贤,成実,cn
1401,商水,向阳,cn
1402,清景,德元,cn
1403,鹿吉,白安,cn
1404,溧鸡,英太,cn
1405,安化,由子,cn
1406,山龙,一翔,cn
1407,州家,千寻,cn
1408,项义,园子,cn
1409,榆本,鹈野,cn
1410,溪安,奈绪,cn
1411,玉凤,一美,cn
1412,白任,宏远,cn
1413,楼平,天翔,cn
1414,莱强,智大,cn
1415,溧井,悠也,cn
1416,塔永,健太,cn
1417,古集,泰成,cn
1418,江和,圣子,cn
1419,川海,絵里,cn
1420,永瑞,真里,cn
1421,白个,桃恵,cn
1422,北岛,鞠子,cn
1423,乐山,直哉,cn
1424,门鄢,観铃,cn
1425,川长,志野,cn
1426,富至,大驾,cn
1427,城德,留美,cn
1428,宁安,敏思,cn
1429,泽河,香里,cn
1430,镇水,裕大,cn
1431,正山,真大,cn
1432,莘麻,春人,cn
1433,赣花,雅斗,cn
1434,乡年,并恵,cn
1435,四容,光恵,cn
1436,韩三,利美,cn
1437,宫柘,贵子,cn
1438,锦东,朝香,cn
1439,溪新,ぎ剃,cn
1440,钟安,启人,cn
1441,江旧,谅真,cn
1442,河嘉,风见,cn
1443,太许,志保,cn
1444,山辽,海翔,cn
1445,淮河,澄子,cn
1446,北库,雅树,cn
1447,蚌怀,泰树,cn
1448,正昌,恵里,cn
1449,睢抚,修司,cn
1450,锦平,悠纪,cn
1451,义黄,悠吾,cn
1452,谷山,琴美,cn
1453,陇水,利江,cn
1454,富水,匡子,cn
1455,明太,佑介,cn
1456,望汾,铃子,cn
1457,平嵊,恨寒,cn
1458,丘宁,佐波,cn
1459,和宗,端懿,cn
1460,山宇,悠太,cn
1461,宕营,浩穰,cn
1462,和盘,竜太,cn
1463,阳泰,周平,cn
1464,山东,彤彤,cn
1465,里陉,正义,cn
1466,州鸡,真吾,cn
1467,甸平,泰生,cn
1468,源前,林檎,cn
1469,洼山,成美,cn
1470,坪吉,真翔,cn
1471,黄城,右斗,cn
1472,连昌,雅人,cn
1473,昌敖,香澄,cn
1474,即沁,益美,cn
1475,绍河,武志,cn
1476,广永,奈子,cn
1477,曲象,琬凝,cn
1478,陵姚,右翔,cn
1479,和全,奏太,cn
1480,砀仪,一颯,cn
1481,方榆,筠竹,cn
1482,德津,伦子,cn
1483,吴永,里香,cn
1484,洪宇,星华,cn
1485,岳海,忆雪,cn
1486,长西,隼太,cn
1487,极南,晶子,cn
1488,洪隆,真美,cn
1489,自川,凛太,cn
1490,丘广,静奈,cn
1491,海涡,曜子,cn
1492,顺盘,悠马,cn
1493,城唐,煌生,cn
1494,万卢,彻子,cn
1495,宁陇,大翔,cn
1496,原集,栄子,cn
1497,门陀,珠恵,cn
1498,坪柘,秋子,cn
1499,山平,静宜,cn
1500,汉锡,太郎,cn
1501,票南,可怜,cn
1502,城正,俊右,cn
1503,泰通,智贵,cn
1504,襄始,涵映,cn
1505,砀坪,芳瑞,cn
1506,河泰,京香,cn
1507,潭溪,健翔,cn
1508,河三,结太,cn
1509,乾安,大辅,cn
1510,昌沽,优生,cn
1511,州济,淳一,cn
1512,长上,菜穂,cn
1513,息马,裕翔,cn
1514,双礼,夕菜,cn
1515,宁丹,奈恵,cn
1516,州隆,莉玖,cn
1517,开虎,尚子,cn
1518,繁歙,未央,cn
1519,江南,美里,cn
1520,南河,和弘,cn
1521,阳宾,美知,cn
1522,铜水,将太,cn
1523,池马,雅治,cn
1524,即富,淳子,cn
1525,十西,友江,cn
1526,曲杨,隼斗,cn
1527,富浠,纯平,cn
1528,庆阳,幸恵,cn
1529,阳洛,拓己,cn
1530,沁泗,宏旷,cn
1531,宁五,直子,cn
1532,惠福,绫子,cn
1533,城南,结人,cn
1534,海门,瑞希,cn
1535,吉棱,晴希,cn
1536,泰西,和菜,cn
1537,长奉,右也,cn
1538,嵩新,骏太,cn
1539,十无,真子,cn
1540,寿碑,理穂,cn
1541,甘三,雪絵,cn
1542,文肇,亮佑,cn
1543,州野,右人,cn
1544,慈城,柊人,cn
1545,南镇,秀喜,cn
1546,玉明,勘太,cn
1547,水大,菊枝,cn
1548,太武,航辉,cn
1549,承城,美絵,cn
1550,安冈,优吾,cn
1551,兰馆,泰志,cn
1552,石乐,结斗,cn
1553,双山,凉平,cn
1554,樟化,雅美,cn
1555,长陇,摩耶,cn
1556,岳宁,浅香,cn
1557,州定,美佳,cn
1558,白平,千子,cn
1559,温江,胜美,cn
1560,城迭,碧生,cn
1561,家盐,沙子,cn
1562,镇兴,孝美,cn
1563,晋棱,舞子,cn
1564,迁绛,透真,cn
1565,山右,美奈子,cn
1566,九清,真智子,cn
1567,罗阜,絵梨沙,cn
1568,郏五,奈津子,cn
1569,农西,栄美子,cn
1570,关源,翔太郎,cn
1571,游门,多津子,cn
1572,江崇,沙也加,cn
1573,容皋,川玉绪,cn
1574,正惠,川宇野,cn
1575,庆乐,川和美,cn
1576,沧山,美航辉,cn
1577,确安,川加奈,cn
1578,阳景,川诚一,cn
1579,化原,真佐子,cn
1580,宇珲,美津恵,cn
1581,山昌,纪代美,cn
1582,方平,沙都子,cn
1583,凤湖,和佳子,cn
1584,山吉,亜纪子,cn
1585,河肃,佳奈子,cn
1586,莆昌,安佐子,cn
1587,南华, 博瀚,cn
1588,治嘉,登喜子,cn
1589,安锦,富美子,cn
1590,乡漳,富佐子,cn
1591,水德,原优斗,cn
1592,宁甸,絵理奈,cn
1593,平化,保晴太,cn
1594,顺河,英里子,cn
1595,景勒,正太郎,cn
1596,门通,嵐智枝,cn
1597,丽漳,沙理奈,cn
1598,侯大,真里菜,cn
1599,堰水,安喜子,cn
1600,大邑,隆太郎,cn
1601,永彦,康太郎,cn
1602,城江,美那子,cn
1603,沭川,麻理子,cn
1604,临庆,奈保子,cn
1605,树上,江美子,cn
1606,万康,琥太朗,cn
1607,春灵,美季子,cn
1608,碌丰,真理子,cn
1609,泗大,和加子,cn
1610,宝安,喜久栄,cn
1611,犹海,美保子,cn
1612,衢曲,笑美子,cn
1613,建子,恵以子,cn
1614,龙礼,美树子,cn
1615,新源,三千子,cn
1616,徐川,登美枝,cn
1617,徐冶,真千子,cn
1618,红富,留美子,cn
1619,贡城,真理恵,cn
1620,川靖,寿美枝,cn
1621,保怀,満知子,cn
1622,海湖,亜理纱,cn
1623,猗阴,健一郎,cn
1624,岢镇,有美子,cn
1625,宣泗,隆之介,cn
1626,乐方,絵美子,cn
1627,吉阳,名津子,cn
1628,盘吉,高轩,cn
1629,济东,美知子,cn
1630,丘乳,势津子,cn
1631,松萍,登美江,cn
1632,源化,佐江子,cn
1633,山甘,琥太郎,cn
1634,绥平,千恵美,cn
1635,荣城,喜代美,cn
1636,喜河,真由子,cn
1637,睢松,慎之介,cn
1638,嘉阳,奈绪美,cn
1639,西兴,佐恵子,cn
1640,昭河,亜希子,cn
1641,鸡武,恵利子,cn
1642,西盐,登纪子,cn
1643,高志,航太郎,cn
1644,山丘,优美子,cn
1645,富州,公美子,cn
1646,开沛,佐枝子,cn
1647,辽太,満里奈,cn
1648,阳姚, 和歌,cn
1649,川台,伦太郎,cn
1650,孝成,美津子,cn
1651,海海,小夜子,cn
1652,甘河,光太郎,cn
1653,安阳,真奈美,cn
1654,泰兴,小枝子,cn
1655,长闸,伊久美,cn
1656,抚伊,総一郎,cn
1657,水任,沙理菜,cn
1658,盖原,瑠美子,cn
1659,宁新,美千子,cn
1660,城五,麻衣子,cn
1661,乳西,颯太郎,cn
1662,国嘉,恵理子,cn
1663,阜清,望乡,cn
1664,邳巴,化庄,cn
1665,大陕,远峰,cn
1666,作港,南坝,cn
1667,子宜,彰镇,cn
1668,资浦,州府,cn
1669,周口,妖爆,cn
1670,州州,佛剑,cn
1671,州龙,巴阜,cn
1672,终极,兰区,cn
1673,中彦,台港,cn
1674,中甸,妖封,cn
1675,志辛,皇封,cn
1676,镇川,福崖,cn
1677,诏天,寨坝,cn
1678,彰山,客栈,cn
1679,张山,汶镇,cn
1680,斩情,高乡,cn
1681,斩钢,皇掌,cn
1682,泽林,圣手,cn
1683,郧照,定坡,cn
1684,云烟,巴州,cn
1685,远桐,魔变,cn
1686,远塔,勉郡,cn
1687,源山,衡道,cn
1688,垣治,河乡,cn
1689,宇牟,洮坡,cn
1690,鱼龙,霸斩,cn
1691,友州,山庄,cn
1692,永宁,皇拳,cn
1693,鹰爪,汉坡,cn
1694,银丝,和区,cn
1695,邑河,神剑,cn
1696,弋塔,佛手,cn
1697,宜州,龙轰,cn
1698,宜宁,干崖,cn
1699,宜合,皇斧,cn
1700,夜叉,冈堡,cn
1701,姚漳,江坊,cn
1702,阳尤,朔坝,cn
1703,阳头,龙掌,cn
1704,阳睢,南洞,cn
1705,阳水,兴岛,cn
1706,阳化,霸掌,cn
1707,扬洪,旗山,cn
1708,砚裕,棱崖,cn
1709,延高,浦乡,cn
1710,巽风,川镇,cn
1711,迅蛇,井区,cn
1712,旋风,清县,cn
1713,雄方,民庄,cn
1714,兴阳,阳坊,cn
1715,兴盐,霸剑,cn
1716,兴宁,妖刀,cn
1717,兴城,神舞,cn
1718,星陨,龙剑,cn
1719,新榆,皇吟,cn
1720,邪光,沙崖,cn
1721,襄沂,圣破,cn
1722,襄溧,溪陂,cn
1723,乡西,永府,cn
1724,乡凌,洞县,cn
1725,先天,州庄,cn
1726,夏武,神隐,cn
1727,溪连,德区,cn
1728,溪淳,皇术,cn
1729,浠襄,龙舞,cn
1730,西州,圣殿,cn
1731,西治,北乡,cn
1732,武朐,扬谷,cn
1733,武凉,水堡,cn
1734,五蕴,淮镇,cn
1735,五行,魔杀,cn
1736,五光,阴村,cn
1737,无常,河府,cn
1738,沃虎,阳坝,cn
1739,文富,新坡,cn
1740,温河,阿城,cn
1741,潍东,永郡,cn
1742,汪江,台坡,cn
1743,陀海,明岛,cn
1744,通治,书院,cn
1745,通沾,妖术,cn
1746,通鹤,神劈,cn
1747,田吉,昌州,cn
1748,天问,灌堡,cn
1749,天外,定山,cn
1750,天狼,宗县,cn
1751,泰桦,富庄,cn
1752,台西,桥陂,cn
1753,台鹿,海镇,cn
1754,碎骨,承岛,cn
1755,绥余,甸堡,cn
1756,嵩滕,南峰,cn
1757,四方,圣杀,cn
1758,思城,神教,cn
1759,顺鹿,剑派,cn
1760,水兴,魔吟,cn
1761,水镜,龙斩,cn
1762,水关,霸封,cn
1763,噬魂,霸指,cn
1764,蚀肉,兴镇,cn
1765,蚀魂,治坝,cn
1766,拾捌,新道,cn
1767,石富,皇瘴,cn
1768,十方,横谷,cn
1769,施海,太岛,cn
1770,神蛇,霸解,cn
1771,山来,蒲镇,cn
1772,散毒,鬼指,cn
1773,芮泗,泉郡,cn
1774,如辽,神术,cn
1775,如化,圣咒,cn
1776,容宜,圣爪,cn
1777,任云,庐陂,cn
1778,饶丹,神手,cn
1779,朐岭,克郡,cn
1780,庆漠,魔隐,cn
1781,庆广,德谷,cn
1782,擎雷,魔枪,cn
1783,清原,霸爆,cn
1784,清昌,鬼隐,cn
1785,清安,诸坡,cn
1786,青赞,汝道,cn
1787,潜津,阳洞,cn
1788,迁连,原谷,cn
1789,迁广,湖港,cn
1790,千裂,方郡,cn
1791,千鹤,阳城,cn
1792,蒲沂,南山,cn
1793,蒲朝,州镇,cn
1794,平诸,神掌,cn
1795,平如,淀村,cn
1796,平宁,安陂,cn
1797,磐乐,牟港,cn
1798,磐胶,彝区,cn
1799,磐安,魔掌,cn
1800,宁州,鱼坝,cn
1801,宁宁,坊坊,cn
1802,宁江,圣枪,cn
1803,霓霞,妖变,cn
1804,内中,侯洞,cn
1805,南赵,图阜,cn
1806,南江,木陂,cn
1807,南阜,左山,cn
1808,穆千,峙坡,cn
1809,牡羊,临郡,cn
1810,魔王,嘉城,cn
1811,明丽,和坊,cn
1812,闽阳,惠坡,cn
1813,民宾,平乡,cn
1814,灭世,北庄,cn
1815,梅缙,义县,cn
1816,马瑞,皇步,cn
1817,马沽,乐堡,cn
1818,漯武,盘堡,cn
1819,轮迴,汝区,cn
1820,卢宜,双坝,cn
1821,龙爪,怀坝,cn
1822,龙王,佛术,cn
1823,六阳,龙枪,cn
1824,岭津,西陂,cn
1825,岭霍,福观,cn
1826,凌东,葛道,cn
1827,麟萨,神轰,cn
1828,临平,乡洞,cn
1829,临和,乐镇,cn
1830,林安,阳堡,cn
1831,辽潜,仓山,cn
1832,良武,霸瘴,cn
1833,良南,青庄,cn
1834,梨花,魔剑,cn
1835,离魂,鬼瘴,cn
1836,乐城,圣雷,cn
1837,廊金,曲村,cn
1838,狂涛,和堡,cn
1839,口宇,高港,cn
1840,开山,图谷,cn
1841,浚兖,台崖,cn
1842,绝命,州村,cn
1843,靖溪,建陂,cn
1844,景清,高峰,cn
1845,井泉,山郡,cn
1846,井川,城观,cn
1847,津安,神变,cn
1848,金蛇,凌峰,cn
1849,金凤,浪港,cn
1850,金蚕,圣术,cn
1851,胶甘,鬼斧,cn
1852,江温,云县,cn
1853,江城,妖印,cn
1854,建中,新郡,cn
1855,建垣,神刀,cn
1856,建海,都崖,cn
1857,暨安,密村,cn
1858,济赤,海洞,cn
1859,疾雷,霞谷,cn
1860,极光,安郡,cn
1861,吉祥,圣劲,cn
1862,霍陇,鬼雷,cn
1863,火网,鬼变,cn
1864,惠登,皇解,cn
1865,皇极,临乡,cn
1866,寰空,乳坡,cn
1867,化新,顺坊,cn
1868,化水,城府,cn
1869,洪长,枣岛,cn
1870,虹霞,源州,cn
1871,河长,滨港,cn
1872,河绥,团府,cn
1873,河宁,龙破,cn
1874,河克,双区,cn
1875,河建,闽镇,cn
1876,河海,鬼术,cn
1877,汉宁,圣步,cn
1878,海涟,西乡,cn
1879,海甸,顺观,cn
1880,还神,南村,cn
1881,广凌,皇指,cn
1882,广建,佛爪,cn
1883,广和,皇手,cn
1884,广凤,榆城,cn
1885,光明,泉城,cn
1886,光城,龙村,cn
1887,观音,靖城,cn
1888,固商,城庄,cn
1889,鼓瑟,山县,cn
1890,巩平,大坝,cn
1891,藁景,景峰,cn
1892,高靖,林县,cn
1893,港化,霸枪,cn
1894,赣门,州崖,cn
1895,干阳,垣乡,cn
1896,甘阳,景坊,cn
1897,阜临,堡港,cn
1898,伏魔,善坝,cn
1899,峰港,龙雷,cn
1900,丰余,口乡,cn
1901,丰珲,妖隐,cn
1902,飞升,辽洞,cn
1903,飞蛇,富县,cn
1904,毒蛛,原庄,cn
1905,东香,城城,cn
1906,东迁,临村,cn
1907,东栾,强村,cn
1908,定鹿,阳乡,cn
1909,甸鱼,隆郡,cn
1910,稻妻,神步,cn
1911,倒海,世家,cn
1912,郸当,霸雷,cn
1913,大南,春村,cn
1914,春岚,龙瘴,cn
1915,川洪,龙咒,cn
1916,滁盈,霸术,cn
1917,赤云,阳道,cn
1918,赤阳,绥崖,cn
1919,赤蛇,鸡道,cn
1920,澄辽,兰谷,cn
1921,城蒙,泗崖,cn
1922,城龙,虞州,cn
1923,城济,东区,cn
1924,城湖,安岛,cn
1925,成兰,阳区,cn
1926,昌始,勃堡,cn
1927,冰锋,皇斩,cn
1928,爆破,佛拳,cn
1929,宝秦,神法,cn
1930,白羽,合堡,cn
1931,白龙,安庄,cn
1932,白故,宾区,cn
1933,八星,大阜,cn
1934,安息,垣堡,cn
1935,安潍,克村,cn
1936,安射,州区,cn
1937,安丰,鬼法,cn
1938,阿合,魔爆,cn
1939,傲丝,妖枪,cn
1940,康郡,浦港,cn
1941,宁府,神解,cn
1942,启镇,神吟,cn
1943,合观,城乡,cn
1944,利洞,皇杀,cn
1945,妖斩,魔轰,cn
1946,逯擎,宇,cn
1947,狄欣,怡,cn
1948,敖天,佑,cn
1949,夹谷,季萌,cn
1950,蓝 ,飞文,cn
1951,符文,光,cn
1952,蔺志,泽,cn
1953,邬绍,祺,cn
1954,籍嘉,胜,cn
1955,缪雨,星,cn
1956,尚鹤,轩,cn
1957,贾致,远,cn
1958,石承,德,cn
1959,项康,乐,cn
1960,宰父,成济,cn
1961,微生,高峯,cn
1962,蔚斌,斌,cn
1963,单展,鹏,cn
1964,弓良,策,cn
1965,邹星,海,cn
1966,壤驷,星驰,cn
1967,国勇,男,cn
1968,能彭,湃,cn
1969,简博,容,cn
1970,孙和,畅,cn
1971,濮明,智,cn
1972,庚睿,博,cn
1973,柳志,义,cn
1974,伍彭,祖,cn
1975,云信,鸿,cn
1976,王坚,秉,cn
1977,郎修,能,cn
1978,寿兴,腾,cn
1979,汝鄢,永思,cn
1980,盖 ,涵育,cn
1981,康鹏,程,cn
1982,双阳,成,cn
1983,仲孙,志义,cn
1984,伯赏,建同,cn
1985,万明,珠,cn
1986,孙弘,致,cn
1987,闻奇,希,cn
1988,匡丰,茂,cn
1989,鲜于,弘深,cn
1990,竺光,临,cn
1991,凤刚,捷,cn
1992,别元,正,cn
1993,江德,辉,cn
1994,慕容,哲彦,cn
1995,戎凯,复,cn
1996,齐永,思,cn
1997,牛正,化,cn
1998,成弘,翰,cn
1999,翁良,旺,cn
2000,范兴,魄,cn
2001,夔彭,然,cn
2002,荀巍,弘,cn
2003,王成,树,cn
2004,寿嘉,和,cn
2005,冷浦,修,cn
2006,甄宜,博艺,cn
2007,西门,煦,cn
2008,柴和,福,cn
2009,唐安,德厚,cn
2010,呼延,乐天,cn
2011,闫法,蔚,cn
2012,薛斌,志,cn
2013,文智,禹,cn
2014,林项,雨信,cn
2015,诸葛,逸,cn
2016,赵天,才,cn
2017,丁睿,学,cn
2018,郭茂,明,cn
2019,贺元,翮,cn
2020,益翰,济,cn
2021,支彭,林,cn
2022,蒯光,语,cn
2023,傅奇,康,cn
2024,孔翰,良翰,cn
2025,呼延,自珍,cn
2026,郗泽,浩,cn
2027,宣文,敏,cn
2028,羊舌,军,cn
2029,宇文,宜,cn
2030,轩辕,益,cn
2031,申君,彦,cn
2032,左丘,扬,cn
2033,许文,阔,cn
2034,能勇,良,cn
2035,夹谷,昂,cn
2036,水安,朝,cn
2037,米阳,卓,cn
2038,魏烨,俊,cn
2039,车成,叡,cn
2040,阙哲,韵,cn
2041,隆逸,钧,cn
2042,滑雅,贤,cn
2043,段高,武,cn
2044,胥弘,觉,cn
2045,弘嘉,定,cn
2046,丁高,平,cn
2047,江弘,兴,cn
2048,史兴,英,cn
2049,杨英,宾实,cn
2050,柏明,淼,cn
2051,许英,尧,cn
2052,甘高,朗,cn
2053,那绍,年,cn
2054,尹元,天干,cn
2055,闻嘉,昊,cn
2056,支兴,精,cn
2057,张经,诚,cn
2058,隆俊,弘伟,cn
2059,广德,修伟,cn
2060,麻新,歌,cn
2061,台和,泰,cn
2062,农高,水,cn
2063,於凯,伯,cn
2064,宦阳,嘉致,cn
2065,祖高,宁,cn
2066,云玉,朋,cn
2067,骆昊,国,cn
2068,亓官,瑜,cn
2069,易 ,高明,cn
2070,钮思,伟,cn
2071,武旭,瑞,cn
2072,方开,晋,cn
2073,何嘉,宸,cn
2074,淳于,启,cn
2075,施君,元,cn
2076,连锐,英范,cn
2077,庞修,实,cn
2078,牛哲,承运,cn
2079,夏锐,巍然,cn
2080,蔚致,嘉福,cn
2081,向昊,嘉树,cn
2082,利文,日,cn
2083,司空,爽,cn
2084,居敏,住子,cn
2085,宿志,香子,cn
2086,公羊,庆子,cn
2087,厍咏,行,cn
2088,井和,素子,cn
2089,强心,真树,cn
2090,吉雨,尤娜,cn
2091,刘华,縁,cn
2092,暴文,登美,cn
2093,钟离,寿江,cn
2094,勾泰,和香,cn
2095,汤向,未亜,cn
2096,仰良,安佐,cn
2097,班兴,真央,cn
2098,车温,郁子,cn
2099,喻良,秋叶,cn
2100,钟离,富恵,cn
2101,那茂,知子,cn
2102,钟泰,琉璃,cn
2103,伍奇,亜希,cn
2104,居宏,美纱,cn
2105,管奇,美恵,cn
2106,耿文,美津,cn
2107,水子,蓉子,cn
2108,山玉,欣子,cn
2109,阙丰,久美,cn
2110,蔺光,麻理,cn
2111,卞信,喜恵,cn
2112,花建,宇野,cn
2113,子车,纪,cn
2114,夏博,须美,cn
2115,李欣,美子,cn
2116,时 ,奈穂,cn
2117,党修,真纱,cn
2118,明明,満智,cn
2119,闻人,真季,cn
2120,闻人,理奈,cn
2121,澹台,早苗,cn
2122,段干,立子,cn
2123,赖永,能子,cn
2124,皮晗,聡子,cn
2125,万宏,安寿,cn
2126,瀬川,优美,cn
2127,早川,明日,cn
2128,浅见,沙也,cn
2129,高梨,名,cn
2130,笹川,冴,cn
2131,荻原,利恵,cn
2132,人见,凉子,cn
2133,岸田,真理,cn
2134,后藤,ぶ忍,cn
2135,富永,静香,cn
2136,柴田,隆子,cn
2137,长野,朝美,cn
2138,田村,代美,cn
2139,山口,千里,cn
2140,长瀬,紫,cn
2141,北野,由嘉,cn
2142,平冈,伊织,cn
2143,浅野,喜久,cn
2144,立石,纯,cn
2145,藤间,喜江,cn
2146,黒木,美千,cn
2147,岛村,那加,cn
2148,田崎,千夏,cn
2149,深井,秋奈,cn
2150,中村,安喜,cn
2151,鹿岛,伊久,cn
2152,高松,晶,cn
2153,中尾,真纪,cn
2154,市川,葵,cn
2155,谷村,奈美,cn
2156,梶富,加奈,cn
2157,今田,夏江,cn
2158,神谷,由美,cn
2159,畑中,美,cn
2160,神保,美香,cn
2161,大矢,幸栄,cn
2162,汤川,恋,cn
2163,荻野,寿美,cn
2164,管野,尚美,cn
2165,尾上,美那,cn
2166,石黒,田美,cn
2167,桂由,千鹤,cn
2168,石塚,由利,cn
2169,宫田,美佐,cn
2170,李富,香,cn
2171,広川,麻衣,cn
2172,堀川,真丽香,cn
2173,小寺,川丽,cn
2174,江口,亚理,cn
2175,金井,佐千,cn
2176,吉本,奈,cn
2177,赤坂,贵代,cn
2178,沢村,纪美,cn
2179,船越,爱子,cn
2180,细野,义子,cn
2181,土屋,美穂,cn
2182,仓田,靖枝,cn
2183,矢崎,和佳,cn
2184,大坪,丽子,cn
2185,若山,佳子,cn
2186,太田,亜佐,cn
2187,矢崎,纯菜,cn
2188,须贺,和子,cn
2189,笠原,沙,cn
2190,小宫,雅子,cn
2191,滝椎,岬,cn
2192,土井,静,cn
2193,増井,美奈,cn
2194,北条,泉美,cn
2195,河村,富江,cn
2196,加纳,玉绪,cn
2197,岩村,穂,cn
2198,水上,富栄,cn
2199,高木,小百,cn
2200,小原,吉子,cn
2201,古沢,律子,cn
2202,保坂,将人,cn
2203,玉置,穣,cn
2204,中嶋,健心,cn
2205,妹尾,晴太,cn
2206,赤松,隆,cn
2207,吉川,大圣,cn
2208,奥贵,优志,cn
2209,横井,翔吾,cn
2210,稲田,拓,cn
2211,笹川,太智,cn
2212,沢田,竜马,cn
2213,安达,晃太,cn
2214,川崎,洸太,cn
2215,松岛,涟,cn
2216,平尾,友也,cn
2217,矢岛,広大,cn
2218,中川,光太,cn
2219,藤原,光贵,cn
2220,篠崎,瑛人,cn
2221,梅沢,一辉,cn
2222,中田,怜生,cn
2223,大田,律,cn
2224,三谷,光希,cn
2225,榎本,拓梦,cn
2226,森永,廉,cn
2227,土田,琉空,cn
2228,畑中,翔太,cn
2229,土肥,侑真,cn
2230,平野,隆太,cn
2231,西冈,骏斗,cn
2232,牧田,秀明,cn
2233,长岛,瑛士,cn
2234,荒木,友辉,cn
2235,三谷,康介,cn
2236,市村,亮太,cn
2237,福井,雄一,cn
2238,徳永,尚辉,cn
2239,川田,和志,cn
2240,上条,秀人,cn
2241,尾崎,柊斗,cn
2242,川瀬,健一,cn
2243,冈岛,知也,cn
2244,北野,丽,cn
2245,楠由,勇树,cn
2246,长田,宙,cn
2247,岩田,友树,cn
2248,鹤冈,碧,cn
2249,河崎,悠,cn
2250,松木,和宏,cn
2251,青柳,升,cn
2252,三轮,奏介,cn
2253,饭田,雄真,cn
2254,稲叶,翔马,cn
2255,长冈,柊真,cn
2256,管原,亮介,cn
2257,小野,阳生,cn
2258,石坂,晃,cn
2259,相川,阳介,cn
2260,吉原,信,cn
2261,奥浅,篤志,cn
2262,浅沼,晴也,cn
2263,管丽,航太,cn
2264,志田,翔也,cn
2265,西香,雄飞,cn
2266,諏访,温,cn
2267,出口,幸太,cn
2268,长谷,寛人,cn
2269,奥野,塁,cn
2270,林田,脩,cn
2271,石黒,幸大,cn
2272,河田,太,cn
2273,高田,怜音,cn
2274,川村,大知,cn
2275,柳加,渉,cn
2276,橘霞,右贵,cn
2277,管野,健,cn
2278,木戸,圭,cn
2279,大场,孔明,cn
2280,石野,苍马,cn
2281,田坂,响生,cn
2282,早川,阳葵,cn
2283,川田,望,cn
2284,前川,周,cn
2285,藤野,瑛介,cn
2286,小嶋,未,cn
2287,小泉,省吾,cn
2288,野吕,太志,cn
2289,大沼,勇気,cn
2290,本田,信长,cn
2291,石丸,恭介,cn
2292,李和,真人,cn
2293,尾上,人,cn
2294,河口,息吹,cn
2295,花柳,巧,cn
2296,村野,一真,cn
2297,平林,直也,cn
2298,三浦,直辉,cn
2299,目黒,基,cn
2300,上原,璃空,cn
2301,平井,悠介,cn
2302,榎本,稜太,cn
2303,金美,圭吾,cn
2304,江口,麟太,cn
2305,神山,大空,cn
2306,朝仓,太一,cn
2307,妹尾,悠圣,cn
2308,赤木,理仁,cn
2309,饭野,舜,cn
2310,斎藤,遥太,cn
2311,高尾,隆之,cn
2312,寺内,绚斗,cn
2313,平野,和辉,cn
2314,毛利,直人,cn
2315,凑志,篤,cn
2316,木下,翔真,cn
2317,绪方,部龙,cn
2318,细川,凛,cn
2319,河村,悠哉,cn
2320,大森,辽介,cn
2321,松井,骏,cn
2322,中岛,贵之,cn
2323,石田,遥翔,cn
2324,金沢,秀真,cn
2325,堀川,凉真,cn
2326,正木,敬,cn
2327,山村,阳真,cn
2328,森口,苍空,cn
2329,三枝,哲平,cn
2330,星孔,阳翔,cn
2331,増田,晃一,cn
2332,沢井,玄,cn
2333,大木,晴,cn
2334,向井,耕平,cn
2335,小森,司,cn
2336,平野,永远,cn
2337,大村,航平,cn
2338,藤岛,真,cn
2339,河崎,贵文,cn
2340,藤川,仁,cn
2341,稲垣,和幸,cn
2342,锅岛,圭佑,cn
2343,山崎,晴树,cn
2344,饭野,诚一,cn
2345,竹内,圣也,cn
2346,石沢,莲音,cn
2347,神田,想,cn
2348,鎌田,綾,cn
2349,栗林,颯,cn
2350,堀口,知辉,cn
2351,堀内,璃久,cn
2352,高田,理人,cn
2353,藤森,颯真,cn
2354,中井,悠平,cn
2355,出口,豊,cn
2356,赤松,隆司,cn
2357,船越,阳纪,cn
2358,出口,健治,cn
2359,神崎,枫雅,cn
2360,鎌田,瑛,cn
2361,岩井,零,cn
2362,芳贺,右介,cn
2363,宫胁,浩二,cn
2364,川上,优作,cn
2365,斉藤,优太,cn
2366,管野,理央,cn
2367,入江,高志,cn
2368,玉木,阳音,cn
2369,野崎,凑太,cn
2370,藤木,原右,cn
2371,茂木,航生,cn
2372,保田,悠大,cn
2373,横田,裕斗,cn
2374,宫川,透,cn
2375,町田,玲,cn
2376,花冈,孝太,cn
2377,寺尾,进,cn
2378,赤坂,浩司,cn
2379,相沢,翔生,cn
2380,竹中,颯斗,cn
2381,山内,贤太,cn
2382,江川,亮,cn
2383,丸山,川阳,cn
2384,和田,彻,cn
2385,北村,総一,cn
2386,荒川,悠斗,cn
2387,小口,裕也,cn
2388,真锅,忍,cn
2389,桑田,北斗,cn
2390,门田,龙也,cn
2391,门田,隼,cn
2392,松尾,裕树,cn
2393,小川,莲太,cn
2394,加藤,风太,cn
2395,三宅,善,cn
2396,饭塚,优,cn
2397,土田,遥斗,cn
2398,佐伯,恭平,cn
2399,武田,雅史,cn
2400,浦野,圣,cn
2401,千叶,贵志,cn
2402,秦阳,辽大,cn
2403,黒沢,一马,cn
2404,宫田,和树,cn
2405,三谷,恵太,cn
2406,川崎,稔,cn
2407,高桥,圭太,cn
2408,高田,雄太,cn
2409,富田,真一,cn
2410,村冈,睦,cn
2411,土肥,龙斗,cn
2412,徳永,结翔,cn
2413,古谷,蔵,cn
2414,山冈,大河,cn
2415,田沢,壮,cn
2416,雨宫,干,cn
2417,秋田,新大,cn
2418,神原,一,cn
2419,藤洸,惺,cn
2420,佐竹,凑,cn
2421,冈田,悠翔,cn
2422,南部,庆太,cn
2423,亀井,珀,cn
2424,河内,优一,cn
2425,桥爪,聡志,cn
2426,影山,大,cn
2427,野原,内聡,cn
2428,副岛,贤人,cn
2429,神保,猛,cn
2430,金沢,宗一,cn
2431,大岛,泰知,cn
2432,児玉,比野,cn
2433,北山,友贵,cn
2434,篠田,俊太,cn
2435,白川,优仁,cn
2436,中沢,凛空,cn
2437,山元,辽,cn
2438,鸟居,优雅,cn
2439,加藤,拓翔,cn
2440,奥田,峻,cn
2441,中岛,悠贵,cn
2442,奥拓,开,cn
2443,堀大,瑞生,cn
2444,川瀬,直希,cn
2445,粕谷,纯一,cn
2446,児岛,春辉,cn
2447,沟口,瑛汰,cn
2448,鷲尾,龙星,cn
2449,安西,将,cn
2450,武藤,夏生,cn
2451,都筑,大吾,cn
2452,海野,创太,cn
2453,越智,奏,cn
2454,谷雅,英树,cn
2455,内山,斗,cn
2456,李诚,匠真,cn
2457,高瀬,魁,cn
2458,佐藤,拓実,cn
2459,田口,一贵,cn
2460,细井,馨,cn
2461,吉川,悠悟,cn
2462,明石,健二,cn
2463,前田,尚,cn
2464,多田,雄大,cn
2465,长瀬,启太,cn
2466,谷本,雄也,cn
2467,中田,大晴,cn
2468,永山,巧真,cn
2469,神戸,圭悟,cn
2470,星雅,皓太,cn
2471,大岛,纯也,cn
2472,河口,龙生,cn
2473,海野,悟,cn
2474,大谷,武蔵,cn
2475,松本,奏人,cn
2476,宫地,晴大,cn
2477,依田,新,cn
2478,赤松,琥珀,cn
2479,筒井,辽太,cn
2480,江崎,充,cn
2481,坪内,义人,cn
2482,柴田,拓未,cn
2483,伊达,侑,cn
2484,一色,一也,cn
2485,大石,琥太,cn
2486,秋原,部正,cn
2487,关根,春斗,cn
2488,村冈,一希,cn
2489,难波,苍士,cn
2490,大田,穂高,cn
2491,青山,太阳,cn
2492,长谷,大希,cn
2493,三原,直,cn
2494,松永,悠希,cn
2495,小川,航,cn
2496,杵屋,幸一,cn
2497,半田,慎太,cn
2498,长田,优贵,cn
2499,春日,阳希,cn
2500,梅原,保龙,cn
2501,野本,阳太,cn
2502,金和,淳,cn
2503,辰巳,凉,cn
2504,富山,広树,cn
2505,堀川,一郎,cn
2506,井手,野亮,cn
2507,高柳,悠人,cn
2508,小仓,秀树,cn
2509,松田,光树,cn
2510,南英,优哉,cn
2511,渡部,阳,cn
2512,松野,嵐右,cn
2513,乾武,瑠伟,cn
2514,松永,智纪,cn
2515,细野,英寿,cn
2516,児玉,庆吾,cn
2517,渡辺,晴人,cn
2518,南部,优马,cn
2519,北条,达哉,cn
2520,相川,奏多,cn
2521,米田,彻平,cn
2522,田原,智树,cn
2523,西沢,真斗,cn
2524,饭塚,枫太,cn
2525,今泉,慎一,cn
2526,畑豊,櫂,cn
2527,宫地,诚也,cn
2528,山内,优辉,cn
2529,堀田,奏真,cn
2530,青柳,竣,cn
2531,狩野,瑛太,cn
2532,吉井,翼,cn
2533,塚田,骏介,cn
2534,真田,浩之,cn
2535,林田,阳斗,cn
2536,畑中,颯大,cn
2537,三井,聡一,cn
2538,大坪,遥登,cn
2539,平野,篤史,cn
2540,三宅,快人,cn
2541,山上,伊吹,cn
2542,岩永,勇,cn
2543,福原,爽太,cn
2544,凑枫,秀,cn
2545,谷川,柊哉,cn
2546,平野,颯人,cn
2547,栗原,山勇,cn
2548,赤松,勇太,cn
2549,大内,碧人,cn
2550,津田,有,cn
2551,朝仓,一哉,cn
2552,沟口,原宗,cn
2553,内山,泰智,cn
2554,坂口,幸树,cn
2555,唐沢,裕一,cn
2556,织田,庆,cn
2557,保田,雅,cn
2558,布施,健生,cn
2559,亀田,渚,cn
2560,河合,右真,cn
2561,河村,颯太,cn
2562,木田,稜真,cn
2563,三宅,阳辉,cn
2564,金沢,洸,cn
2565,水口,悠仁,cn
2566,三枝,朔,cn
2567,石塚,竜,cn
2568,牧野,隆一,cn
2569,神戸,裕二,cn
2570,佐伯,和真,cn
2571,平沢,川信,cn
2572,冈部,磨,cn
2573,下山,阳树,cn
2574,细野,慧,cn
2575,三浦,航大,cn
2576,结城,礼,cn
2577,小笠,爱斗,cn
2578,小松,悠生,cn
2579,桜井,洋平,cn
2580,栗田,敦史,cn
2581,牧野,琉生,cn
2582,妹尾,功,cn
2583,小岛,壮太,cn
2584,中川,将吾,cn
2585,茂木,大地,cn
2586,川上,旭,cn
2587,森本,庆人,cn
2588,土井,誉,cn
2589,柴山,斗真,cn
2590,山路,章,cn
2591,关根,创,cn
2592,白川,寛,cn
2593,野田,壮真,cn
2594,城优,彰,cn
2595,増田,侑大,cn
2596,入江,遥辉,cn
2597,武藤,諭,cn
2598,冈村,优人,cn
2599,森口,右太,cn
2600,长谷,和人,cn
2601,水上,悠阳,cn
2602,长谷,虎太,cn
2603,野间,佳右,cn
2604,南大,保一,cn
2605,清水,遥人,cn
2606,堀口,晃成,cn
2607,松下,龙之,cn
2608,岛田,丞,cn
2609,前野,颯介,cn
2610,大津,慎,cn
2611,大山,小太,cn
2612,船越,雄介,cn
2613,柳原,博之,cn
2614,小平,生,cn
2615,田崎,歩,cn
2616,玉井,亮平,cn
2617,矢岛,枫真,cn
2618,及川,干大,cn
2619,那须,壮一,cn
2620,冈崎,正太,cn
2621,须贺,凌太,cn
2622,松原,肇,cn
2623,仓田,大雅,cn
2624,土方,海斗,cn
2625,梅沢,介,cn
2626,夏目,风雅,cn
2627,小川,莲,cn
2628,神崎,総司,cn
2629,谷川,贤一,cn
2630,相马,清,cn
2631,吉见,谦,cn
2632,今野,尊,cn
2633,土屋,暁,cn
2634,浅川,智哉,cn
2635,松田,大和,cn
2636,中尾,右希,cn
2637,山本,智仁,cn
2638,绪方,快,cn
2639,长田,秀太,cn
2640,西胁,拓海,cn
2641,石渡,美飞,cn
2642,伴裕,央,cn
2643,上野,阳向,cn
2644,沢右,暖,cn
2645,牧田,环,cn
2646,须田,悠成,cn
2647,金田,翔,cn
2648,塚本,子,cn
2649,渡部,枝,cn
2650,平田,绪,cn
2651,门田,恵,cn
2652,岛村,加,cn
2653,石渡,江,cn
2654,岩佐,里,cn
2655,樋口,合,cn
2656,小幡,郎,cn
2657,保坂,鸣,cn
2658,鹤冈,白,cn
2659,日野,椿,cn
2660,磯野,兜,cn
2661,大井,断,cn
2662,河原,丰,cn
2663,服部,篝,cn
2664,神保,祭,cn
2665,大高,绝,cn
2666,宫下,凯,cn
2667,石野,琳,cn
2668,出口,胧,cn
2669,牧武,橹,cn
2670,中里,瞬,cn
2671,丹野,舞,cn
2672,落合,蝎,cn
2673,西海,鼬,cn
2674,水原,白牙,cn
2675,河合,宝龟,cn
2676,雨宫,彩女,cn
2677,吉井,车木,cn
2678,鹿岛,雏田,cn
2679,金纯,春奈,cn
2680,林勘,带土,cn
2681,平俊,丁次,cn
2682,田畑,古鲁,cn
2683,曽根,红星,cn
2684,平川,红叶,cn
2685,竹中,花火,cn
2686,冈崎,幻将,cn
2687,水野,井野,cn
2688,志村,静音,cn
2689,水野,菊助,cn
2690,松浦,孔雀,cn
2691,熊谷,库赫,cn
2692,入江,雷同,cn
2693,李琥,垒雅,cn
2694,坂井,累雅,cn
2695,山県,六角,cn
2696,中里,鹿丸,cn
2697,白石,萌黄,cn
2698,明石,梦多,cn
2699,樋口,宁次,cn
2700,立花,清明,cn
2701,饭田,秋郎,cn
2702,谷航,萨克,cn
2703,大河,涉木,cn
2704,野崎,绳树,cn
2705,牧田,诗宗,cn
2706,大塚,手鞠,cn
2707,伊达,水虎,cn
2708,び日,水木,cn
2709,矢田,水奈,cn
2710,柳智,水烟,cn
2711,园田,死议,cn
2712,三井,天天,cn
2713,藤本,团藏,cn
2714,花柳,托斯,cn
2715,浅川,丸铁,cn
2716,后藤,文殊,cn
2717,植松,小光,cn
2718,岩永,小李,cn
2719,杉本,邪光,cn
2720,大和,叶鬼,cn
2721,服部,萤火,cn
2722,滝川,右近,cn
2723,河合,月满,cn
2724,河野,月子,cn
2725,片桐,云海,cn
2726,风间,止水,cn
2727,松原,子铁,cn
2728,河本,左近,cn
2729,矢吹,佐助,cn
2730,那须,阿木罗,cn
2731,鸟居,赤铜凯,cn
2732,加藤,春野樱,cn
2733,上原,次郎坊,cn
2734,川野,达兹纳,cn
2735,半田,大蛇丸,cn
2736,大野,迪达拉,cn
2737,福永,多由也,cn
2738,沟口,贵童丸,cn
2739,布施,惠比寿,cn
2740,谷本,剑三角,cn
2741,植田,金.土,cn
2742,笹川,居合斩,cn
2743,汤浅,君麻吕,cn
2744,浜野,卡卡西,cn
2745,大林,卡米兰,cn
2746,沢井,卡西柯,cn
2747,桥爪,堪九郎,cn
2748,管野,力大人,cn
2749,藤川,木叶丸,cn
2750,奥野,犬冢牙,cn
2751,清原,四天象,cn
2752,长健,特穆金,cn
2753,越智,我爱罗,cn
2754,金田,夕日红,cn
2755,丹野,亚麻夜,cn
2756,重松,焰大叔,cn
2757,平松,夜叉丸,cn
2758,日下,伊那利,cn
2759,伊藤,伊瓦西,cn
2760,和泉,依鲁卡,cn
2761,花柳,再不斩,cn
2762,河村,自来也,cn
2763,村瀬,艾米,cn
2764,内海,鞍马,cn
2765,中田,八恬,cn
2766,小平,波风,cn
2767,臼井,茶国,cn
2768,原田,大政,cn
2769,福沢,风花,cn
2770,大坪,干柿,cn
2771,大高,根之,cn
2772,岩村,海德,cn
2773,平塚,和芥,cn
2774,三枝,花月,cn
2775,深井,回山,cn
2776,村山,加代,cn
2777,岛田,家老,cn
2778,小林,奈良,cn
2779,森寛,千代,cn
2780,永井,秋道,cn
2781,吉永,日向,cn
2782,井上,森乃,cn
2783,木田,神月,cn
2784,板仓,首崎,cn
2785,栗田,夏巴,cn
2786,川端,小春,cn
2787,冈崎,修罗,cn
2788,田岛,玄翁,cn
2789,河崎,油女,cn
2790,足立,月光,cn
2791,杉野,不知火,cn
2792,村井,飞脚屋,cn
2793,氏家,富士,cn
2794,岩下,鬼兄,cn
2795,石渡,伊比喜,cn
2796,田崎,山葵,cn
2797,藤森,由罗,cn
2798,金森,御手洗,cn
2799,大森,阿斯玛,cn
2800,熊谷,猿飞荆之助,cn
2801,田代,志治美夫人,cn
2802,山室,不归,cn
2803,瀬戸,海老藏,cn
2804,小沢,莉亚,cn
2805,米沢,八云,cn
2806,堀田,村云,cn
2807,宫坂,纲手,cn
2808,金城,敬一,cn
2809,中本,野种,cn
2810,中本,之丞,cn
2811,池上,水门,cn
2812,楠勇,大人,cn
2813,角田,大哥,cn
2814,伊吹,怒涛,cn
2815,野崎,贵鲛,cn
2816,谷村,佐井,cn
2817,日高,先生,cn
2818,一色,九六,cn
2819,矢田,当主,cn
2820,中山,次献,cn
2821,佐野,鹿驹,cn
2822,村野,婆婆,cn
2823,荻原,吉丸,cn
2824,今西,日差,cn
2825,鹿岛,日足,cn
2826,长谷,痛手,cn
2827,堤拓,出云,cn
2828,黒岩,刚佐,cn
2829,菊田,达巴,cn
2830,入江,老师,cn
2831,杉山,伞寿,cn
2832,藤木,志乃,cn
2833,土田,疾风,cn
2834,生田,干笋,cn
2835,岛崎,红豆,cn
2836,金井,爷爷,cn
2837,驹井,玄马,cn
2838,び日,夏日星,cn
2839,大友,风雪绘,cn
2840,伴柊,福助,cn
2841,岩城,地雅,cn
2842,田代,次郎长,cn
2843,中沢,村木,cn
2844,中村,有贺,cn
2845,奥村,野村,cn
2846,土井,沢田,cn
2847,藤森,皆川,cn
2848,西冈,小森,cn
2849,三浦,关口,cn
2850,白川,木村,cn
2851,熊野,藤原,cn
2852,小久,长岛,cn
2853,妹尾,大石,cn
2854,岩永,浜野,cn
2855,野岛,藤本,cn
2856,饭塚,丹野,cn
2857,冈岛,益田,cn
2858,武井,松野,cn
2859,神原,山下,cn
2860,大竹,都筑,cn
2861,及川,益田,cn
2862,村田,北田,cn
2863,东恵,浜田,cn
2864,石山,春日,cn
2865,重松,小岛,cn
2866,山下,坂田,cn
2867,平沢,渋谷,cn
2868,井沢,吉村,cn
2869,小平,滝本,cn
2870,汤川,磯村,cn
2871,波多,田坂,cn
2872,水上,川井,cn
2873,安西,井田,cn
2874,山崎,大森,cn
2875,柳家,尾崎,cn
2876,沢村,矢岛,cn
2877,小宫,山形,cn
2878,毛利,徳田,cn
2879,中谷,牧温,cn
2880,富冈,柳家,cn
2881,管野,安西,cn
2882,藤沢,瀬川,cn
2883,川田,熊谷,cn
2884,平川,市川,cn
2885,平井,长尾,cn
2886,五十,北川,cn
2887,新井,三沢,cn
2888,沢田,大矢,cn
2889,鎌田,黒岩,cn
2890,金山,神戸,cn
2891,江崎,芹沢,cn
2892,高木,野村,cn
2893,北条,宫川,cn
2894,片桐,武田,cn
2895,中岛,徳永,cn
2896,葛西,松井,cn
2897,根岸,泉洸,cn
2898,藤沢,玉井,cn
2899,妹尾,重松,cn
2900,佐々,川本,cn
2901,秋山,岩瀬,cn
2902,西谷,氏家,cn
2903,金沢,绪方,cn
2904,戸田,篠崎,cn
2905,北川,石井,cn
2906,东条,加藤,cn
2907,中田,丹羽,cn
2908,桑原,野原,cn
2909,福地,安藤,cn
2910,上野,栗山,cn
2911,大石,吉崎,cn
2912,中西,上田,cn
2913,笠原,藤沢,cn
2914,三田,吉永,cn
2915,黒田,児玉,cn
2916,稲田,三木,cn
2917,植村,河野,cn
2918,品川,大久,cn
2919,大沢,高井,cn
2920,赤尾,藤崎,cn
2921,远山,北原,cn
2922,久保,黒沢,cn
2923,长沢,梅田,cn
2924,小幡,江川,cn
2925,驹井,春日,cn
2926,上原,若林,cn
2927,马场,平井,cn
2928,黒岩,富永,cn
2929,吉村,锅岛,cn
2930,杉原,江口,cn
2931,安原,渡部,cn
2932,古屋,冈岛,cn
2933,神竜,横井,cn
2934,土屋,浜野,cn
2935,柳沢,大井,cn
2936,桥本,大友,cn
2937,三桥,畑毅,cn
2938,増田,土屋,cn
2939,小嶋,植松,cn
2940,三木,堤竜,cn
2941,鸟居,松尾,cn
2942,増田,小杉,cn
2943,富沢,三好,cn
2944,坂口,冈田,cn
2945,太田,安倍,cn
2946,伊藤,金树,cn
2947,嵐洸,前野,cn
2948,大石,小西,cn
2949,奈良,松村,cn
2950,三井,小栗,cn
2951,古谷,岩本,cn
2952,向井,仁科,cn
2953,立石,竹本,cn
2954,桜井,古沢,cn
2955,栗山,平山,cn
2956,保田,三枝,cn
2957,渡部,河本,cn
2958,神崎,坂井,cn
2959,影山,宫岛,cn
2960,安西,饭野,cn
2961,千田,増田,cn
2962,竹内,古贺,cn
2963,人见,岛元,cn
2964,吉崎,高杉,cn
2965,村野,森冈,cn
2966,斉藤,相良,cn
2967,园田,大庭,cn
2968,相川,堤琉,cn
2969,森田,永岛,cn
2970,平川,石本,cn
2971,花柳,平塚,cn
2972,大冈,星晴,cn
2973,竹本,水原,cn
2974,福井,村瀬,cn
2975,小宫,今野,cn
2976,山室,上条,cn
2977,有田,藤原,cn
2978,国井,矢田,cn
2979,内田,菊池,cn
2980,藤冈,神庆,cn
2981,田代,石山,cn
2982,小笠,浜野,cn
2983,西胁,管野,cn
2984,西冈,冈本,cn
2985,草野,野间,cn
2986,藤井,葛西,cn
2987,福山,水原,cn
2988,山内,豊岛,cn
2989,东煌,石坂,cn
2990,荒川,大田,cn
2991,松木,山野,cn
2992,宫沢,宫地,cn
2993,西山,杉原,cn
2994,大野,磯部,cn
2995,桥本,井田,cn
2996,本郷,上原,cn
2997,田中,布施,cn
2998,细川,平贺,cn
2999,栗林,河野,cn
3000,玉井,鹤田,cn
3001,藤田,磯部,cn
3002,大江,福永,cn
3003,木下,岸煌,cn
3004,中林,井沢,cn
3005,大川,矢部,cn
3006,大场,沢井,cn
3007,村上,岛村,cn
3008,并木,相马,cn
3009,宫原,白鸟,cn
3010,矢崎,中田,cn
3011,大西,棚桥,cn
3012,大槻,桜井,cn
3013,菊田,千田,cn
3014,三宅,重松,cn
3015,芹沢,今村,cn
3016,田畑,宇佐,cn
3017,中岛,木原,cn
3018,桑原,三枝,cn
3019,宇田,若林,cn
3020,船越,西沢,cn
3021,矢岛,古川,cn
3022,河田,上田,cn
3023,北和,吉井,cn
3024,神保,都筑,cn
3025,冈岛,重松,cn
3026,永野,植村,cn
3027,田渊,浦野,cn
3028,北川,汤川,cn
3029,管原,那须,cn
3030,相川,稲田,cn
3031,水口,出口,cn
3032,根本,富樫,cn
3033,小寺,金子,cn
